-- scott 계정 / ScottTiger80 암호
-- scottdb 사용

drop table if exists emp;
drop table if exists dept;
drop table if exists bonus;
drop table if exists salgrade;


CREATE TABLE EMP(
	EMPNO int not null,
	ENAME VARCHAR(10),
	JOB VARCHAR(9),
	MGR int,
	HIREDATE date,
	SAL int,
	COMM int,
	DEPTNO int
);

INSERT INTO EMP VALUES
(7369,'SMITH','CLERK',7902,'1980-12-17',800,null,20);
INSERT INTO EMP VALUES
(7499,'ALLEN','SALESMAN',7698,'1981-02-20',1600,300,30);
INSERT INTO EMP VALUES
(7521,'WARD','SALESMAN',7698,'1981-02-22',1250,200,30);
INSERT INTO EMP VALUES
(7566,'JONES','MANAGER',7839,'1981-04-02',2975,30,20);
INSERT INTO EMP VALUES
(7654,'MARTIN','SALESMAN',7698,'1981-09-28',1250,300,30);
INSERT INTO EMP VALUES
(7698,'BLAKE','MANAGER',7839,'1981-04-01',2850,null,30);
INSERT INTO EMP VALUES
(7782,'CLARK','MANAGER',7839,'1981-06-01',2450,null,10);
INSERT INTO EMP VALUES
(7788,'SCOTT','ANALYST',7566,'1982-10-09',3000,null,20);
INSERT INTO EMP VALUES
(7839,'KING','PRESIDENT',null,'1981-11-17',5000,3500,10);
INSERT INTO EMP VALUES
(7844,'TURNER','SALESMAN',7698,'1981-09-08',1500,0,30);
INSERT INTO EMP VALUES
(7876,'ADAMS','CLERK',7788,'1983-01-12',1100,null,20);
INSERT INTO EMP VALUES
(7900,'JAMES','CLERK',7698,'1981-10-03',950,null,30);
INSERT INTO EMP VALUES
(7902,'FORD','ANALYST',7566,'1981-10-3',3000,null,20);
INSERT INTO EMP VALUES
(7934,'MILLER','CLERK',7782,'1982-01-23',1300,null,10);

CREATE TABLE DEPT (
	DEPTNO int,
	DNAME VARCHAR(14),
	LOC VARCHAR(13) 
);

INSERT INTO DEPT VALUES (10,'ACCOUNTING','NEW YORK');
INSERT INTO DEPT VALUES (20,'RESEARCH','DALLAS');
INSERT INTO DEPT VALUES (30,'SALES','CHICAGO');
INSERT INTO DEPT VALUES (40,'OPERATIONS','BOSTON');

CREATE TABLE BONUS (
	ENAME VARCHAR(10),
	JOB VARCHAR(9),
	SAL int,
	COMM int
);


CREATE TABLE SALGRADE (
	GRADE int,
	LOSAL int,
	HISAL int
);

INSERT INTO SALGRADE VALUES (1,700,1200);
INSERT INTO SALGRADE VALUES (2,1201,1400);
INSERT INTO SALGRADE VALUES (3,1401,2000);
INSERT INTO SALGRADE VALUES (4,2001,3000);
INSERT INTO SALGRADE VALUES (5,3001,9999);

commit;

-- 년도 업그레이드
UPDATE EMP
SET HIREDATE = DATE_ADD(HIREDATE, INTERVAL 480 MONTH),
    SAL = SAL + 2000,
    COMM = COMM * 3;


SELECT * FROM EMP;

UPDATE SALGRADE
SET LOSAL = LOSAL + 2000,
    HISAL = HISAL + 2000;
    
SELECT * FROM SALGRADE;    

COMMIT;